<?xml version="1.0" encoding="utf-8"?>
<GiftCertificateEmail xmlns:xsd="http://www.w3.org/2001/XMLSchema" xmlns:xsi="http://www.w3.org/2001/XMLSchema-instance">
  <To>Marcie Rosenberg</To>
  <From>David, Kathryn, Lila &amp; Nico</From>
  <Email>marcierosenberg@gmail.com</Email>
  <Amount>250</Amount>
  <Message>Dear Mom / Gram / Marcie,

Happy birthday!  We hope your 70th birthday is stupendous, and that you have a year filled with laughs, fun, and lots of theater!

Love,
David, Kathryn, Lila &amp; Nico</Message>
  <DesignPath>/Global/GiftCertificates/GiftCertificates_1.jpg</DesignPath>
</GiftCertificateEmail>