<?xml version="1.0" encoding="utf-8"?>
<GiftCertificateEmail xmlns:xsd="http://www.w3.org/2001/XMLSchema" xmlns:xsi="http://www.w3.org/2001/XMLSchema-instance">
  <To>Stephan Godleski</To>
  <From>Dad</From>
  <Email>brooks.mcintyre@gmail.com</Email>
  <Amount>150</Amount>
  <Message>Happy Birthday Stephan!
A little bird told me you might like to see Here Lies Love.  Looks amazing!
Have a great birthday. Proud of you.

Love,
Dad</Message>
  <DesignPath>/Global/GiftCertificates/GiftCertificates_3.jpg</DesignPath>
</GiftCertificateEmail>